学号,姓名,密码,学校,邮箱,班级,有效期
guest2022,name2023,pass2024,school2025,email2026@qq.com,24软工1,2008-11-23
guest2023,name2024,pass2025,school2026,email2027@qq.com,24软工1,2009-06-13
guest2024,name2025,pass2026,school2027,email2028@qq.com,24软工1,2014-02-16
sars-cov2,covid-19,pass2024,school2028,email2029@qq.com,24软工1,2019-12-31
guest2026,name2027,pass2028,school2029,email2030@qq.com,24软工1,2024-09-24
blues2025,friday02,pass2029,school2030,email2031@qq.com,24软工2,2025-02-14
guest2028,name2029,pass2030,school2031,email2032@qq.com,24软工2,2025-10-24
guest2029,name2030,pass2031,school2032,email2033@qq.com,24软工2,2084-10-24
guest2030,name2031,pass2032,school2033,email2034@qq.com,24软工2,2099-10-24
